ORIGIN,DESTINATION,COMMODITY, TONS ,DATA YEAR
AK,AK,2229,1629308,2015
AK,AK,4142,17235,2015
AK,AK,4349,15440,2015
AK,AK,5155,208249,2015
AK,AK,6168,231020,2015
AK,AK,7000,335254,2015
AK,AK,8099,2890261,2015
AK,CA,2100,11197726,2015
AK,CA,8099,112854,2015
AK,CN,4600,270007,2015
AK,FO,1000,148950,2015
AK,FO,2100,230319,2015
AK,FO,2229,744507,2015
AK,FO,3200,229,2015
AK,FO,4142,537820,2015
AK,FO,4600,1527569,2015
AK,FO,5155,358,2015
AK,FO,5354,660,2015
AK,FO,6168,803804,2015
AK,FO,7000,88613,2015
AK,FO,8099,49727,2015
AK,HI,8099,1797456,2015
AK,OT,8099,1404656,2015
AK,WA,2100,11020460,2015
AK,WA,2229,386259,2015
AK,WA,4142,23646,2015
AK,WA,4400,100666,2015
AK,WA,5354,11438,2015
AK,WA,6168,333966,2015
AK,WA,7000,288984,2015
AK,WA,8099,139587,2015
AL,AL,1000,6116332,2015
AL,AL,2100,837332,2015
AL,AL,2229,1154975,2015
AL,AL,3200,124355,2015
AL,AL,4142,360070,2015
AL,AL,4400,401586,2015
AL,AL,5354,4425618,2015
AL,AL,6168,182788,2015
AL,AL,8099,484418,2015
AL,AR,4400,7804,2015
AL,AR,5354,186092,2015
AL,AR,8099,3636,2015
AL,CN,2229,42139,2015
AL,FL,2229,898430,2015
AL,FL,4349,25892,2015
AL,FL,5354,14274,2015
AL,FL,8099,1230223,2015
AL,FO,1000,10525213,2015
AL,FO,2229,476856,2015
AL,FO,3100,48171,2015
AL,FO,3200,532919,2015
AL,FO,4142,2159436,2015
AL,FO,4349,32581,2015
AL,FO,4400,157341,2015
AL,FO,4600,3914,2015
AL,FO,5155,241718,2015
AL,FO,5354,591604,2015
AL,FO,6168,1027080,2015
AL,FO,7000,182246,2015
AL,FO,8099,120177,2015
AL,IA,8099,6543,2015
AL,IL,4142,27754,2015
AL,IL,5354,110803,2015
AL,IL,6168,34408,2015
AL,IL,8099,38319,2015
AL,IN,8099,93428,2015
AL,KY,5354,40362,2015
AL,KY,6168,7678,2015
AL,KY,8099,155229,2015
AL,LA,2100,285989,2015
AL,LA,2229,1131307,2015
AL,LA,3200,329695,2015
AL,LA,4349,4110,2015
AL,LA,4400,20642,2015
AL,LA,5155,578779,2015
AL,LA,5354,120737,2015
AL,LA,6168,501305,2015
AL,LA,8099,16353,2015
AL,MN,8099,16654,2015
AL,MO,5354,87123,2015
AL,MO,8099,8055,2015
AL,MS,2229,16188,2015
AL,MS,4349,466770,2015
AL,MS,5354,397347,2015
AL,MS,6168,6070,2015
AL,MS,8099,429281,2015
AL,OH,8099,26164,2015
AL,OK,5354,86836,2015
AL,OK,8099,36937,2015
AL,OT,7000,38005,2015
AL,OT,8099,179646,2015
AL,PA,5354,23203,2015
AL,PA,8099,6600,2015
AL,PR,8099,50035,2015
AL,TN,4349,110333,2015
AL,TN,5354,157009,2015
AL,TN,6168,79629,2015
AL,TN,8099,130404,2015
AL,TX,2100,94961,2015
AL,TX,2229,336823,2015
AL,TX,3200,141629,2015
AL,TX,5155,61781,2015
AL,TX,5354,202568,2015
AL,TX,8099,11413,2015
AL,WI,8099,9632,2015
AL,WV,8099,13968,2015
AR,AL,4400,37565,2015
AR,AL,8099,10473,2015
AR,AR,2229,60802,2015
AR,AR,4349,1927013,2015
AR,AR,8099,20733,2015
AR,IA,8099,10674,2015
AR,IL,8099,180614,2015
AR,IN,2229,21803,2015
AR,IN,8099,13604,2015
AR,KY,2229,561196,2015
AR,KY,8099,42134,2015
AR,LA,2229,43683,2015
AR,LA,4349,58410,2015
AR,LA,6168,5821205,2015
AR,LA,8099,14235,2015
AR,MN,8099,1266,2015
AR,MO,2229,77227,2015
AR,MO,4349,50635,2015
AR,MS,2229,151820,2015
AR,MS,8099,3592,2015
AR,OH,5354,5750,2015
AR,OH,8099,1514,2015
AR,OK,8099,113350,2015
AR,PA,5354,107050,2015
AR,TN,2229,159276,2015
AR,TN,8099,56588,2015
AR,TX,8099,391830,2015
AR,WI,8099,2561,2015
AR,WV,8099,13873,2015
AS,CA,8099,129258,2015
AS,PA,8099,2745,2015
AS,WA,8099,28,2015
CA,AK,8099,155440,2015
CA,CA,2229,10560690,2015
CA,CA,4142,11122,2015
CA,CA,4349,1783605,2015
CA,CA,5354,2329,2015
CA,CA,7000,99923,2015
CA,CA,8099,76097,2015
CA,CN,2229,437975,2015
CA,CN,3100,23,2015
CA,CN,3200,2590,2015
CA,CN,4349,647,2015
CA,CN,5155,29,2015
CA,CN,5354,3676,2015
CA,CN,6168,14166,2015
CA,CN,7000,5417,2015
CA,CN,8099,10576,2015
CA,FL,8099,25300,2015
CA,FO,1000,3088984,2015
CA,FO,2100,184388,2015
CA,FO,2229,13775662,2015
CA,FO,3100,38498,2015
CA,FO,3200,4762885,2015
CA,FO,4142,8203164,2015
CA,FO,4349,1053964,2015
CA,FO,4400,3414299,2015
CA,FO,4600,617009,2015
CA,FO,5155,667320,2015
CA,FO,5354,1470385,2015
CA,FO,6168,15800690,2015
CA,FO,7000,5426363,2015
CA,FO,8099,1928764,2015
CA,GU,8099,137104,2015
CA,HI,2229,56668,2015
CA,HI,3200,143661,2015
CA,HI,8099,2448475,2015
CA,LA,8099,38984,2015
CA,OR,2229,543942,2015
CA,OR,8099,60708,2015
CA,TX,8099,63650,2015
CA,WA,2229,315755,2015
CA,WA,8099,23595,2015
CN,AK,2229,360144,2015
CN,AK,3100,1104,2015
CN,AK,3200,2711,2015
CN,AK,4142,998,2015
CN,AK,4349,15736,2015
CN,AK,5155,1399,2015
CN,AK,5354,11,2015
CN,AK,6168,673,2015
CN,AK,7000,2478,2015
CN,AK,8099,14341,2015
CN,AL,2100,101641,2015
CN,AL,3200,19864,2015
CN,AL,4349,211266,2015
CN,AL,5354,14310,2015
CN,AL,7000,3438,2015
CN,AL,8099,2522,2015
CN,CA,1000,87,2015
CN,CA,2100,1231562,2015
CN,CA,2229,855498,2015
CN,CA,3200,103536,2015
CN,CA,4142,8250,2015
CN,CA,4349,2996433,2015
CN,CA,5155,804,2015
CN,CA,5354,10368,2015
CN,CA,6168,8133,2015
CN,CA,7000,19778,2015
CN,CA,8099,18249,2015
CN,CT,2229,761737,2015
CN,CT,4349,105540,2015
CN,CT,7000,1,2015
CN,CT,8099,11341,2015
CN,DE,2100,182069,2015
CN,DE,2229,113632,2015
CN,FL,1000,60,2015
CN,FL,2229,1526568,2015
CN,FL,3100,2507,2015
CN,FL,3200,22878,2015
CN,FL,4142,7991,2015
CN,FL,4349,1480342,2015
CN,FL,5155,15309,2015
CN,FL,5354,1894,2015
CN,FL,6168,100821,2015
CN,FL,7000,33607,2015
CN,FL,8099,23124,2015
CN,GA,1000,421,2015
CN,GA,2229,204326,2015
CN,GA,3100,805,2015
CN,GA,3200,1198,2015
CN,GA,4142,12466,2015
CN,GA,4349,208554,2015
CN,GA,4400,108,2015
CN,GA,4600,101,2015
CN,GA,5155,17073,2015
CN,GA,5354,6735,2015
CN,GA,6168,14009,2015
CN,GA,7000,8128,2015
CN,GA,8099,13,2015
CN,HI,1000,62122,2015
CN,HI,2100,51376,2015
CN,HI,2229,237981,2015
CN,HI,4349,206125,2015
CN,IL,4349,1476097,2015
CN,IL,4400,112113,2015
CN,IL,5354,91644,2015
CN,IL,7000,69,2015
CN,IL,8099,30223,2015
CN,IN,1000,86934,2015
CN,IN,3100,13228,2015
CN,IN,4349,359283,2015
CN,IN,4400,946379,2015
CN,IN,4600,27558,2015
CN,IN,5354,100580,2015
CN,IN,7000,292,2015
CN,IN,8099,1064,2015
CN,LA,2229,308554,2015
CN,LA,3100,96197,2015
CN,LA,3200,28934,2015
CN,LA,4400,164969,2015
CN,LA,4600,70705,2015
CN,LA,5354,11043,2015
CN,LA,6168,9915,2015
CN,LA,7000,7845,2015
CN,LA,8099,4442,2015
CN,MA,2229,3551411,2015
CN,MA,4349,218477,2015
CN,MA,5155,125390,2015
CN,MA,7000,14650,2015
CN,MA,8099,18940,2015
CN,MD,2229,373412,2015
CN,MD,3100,18139,2015
CN,MD,4349,748044,2015
CN,MD,4400,339262,2015
CN,MD,5354,11578,2015
CN,MD,6168,20,2015
CN,MD,7000,4581,2015
CN,MD,8099,24,2015
CN,ME,2100,555925,2015
CN,ME,2229,3779783,2015
CN,ME,4349,3620,2015
CN,ME,4600,133,2015
CN,ME,5155,93812,2015
CN,ME,5354,2695,2015
CN,ME,6168,339,2015
CN,ME,7000,164,2015
CN,ME,8099,13140,2015
CN,MI,1000,305886,2015
CN,MI,2229,236966,2015
CN,MI,3100,44092,2015
CN,MI,3200,9441,2015
CN,MI,4349,3138165,2015
CN,MI,4400,4983,2015
CN,MI,4600,11905,2015
CN,MI,5155,707408,2015
CN,MI,5354,147420,2015
CN,MI,7000,23940,2015
CN,MI,8099,93529,2015
CN,MN,4349,169953,2015
CN,MN,4600,7320,2015
CN,MN,5155,154307,2015
CN,MN,5354,7976,2015
CN,MS,2100,62073,2015
CN,MS,2229,72328,2015
CN,NC,2229,50581,2015
CN,NC,3100,10361,2015
CN,NC,4142,47785,2015
CN,NC,4349,59279,2015
CN,NH,2229,917665,2015
CN,NH,4349,257105,2015
CN,NJ,2100,7421564,2015
CN,NJ,2229,2799658,2015
CN,NJ,3200,4202,2015
CN,NJ,4349,445712,2015
CN,NJ,5155,451,2015
CN,NJ,5354,10,2015
CN,NJ,6168,578,2015
CN,NJ,7000,1167,2015
CN,NJ,8099,7358,2015
CN,NY,2100,77152,2015
CN,NY,2229,797348,2015
CN,NY,3100,28280,2015
CN,NY,3200,4,2015
CN,NY,4349,822425,2015
CN,NY,5155,371790,2015
CN,NY,5354,138001,2015
CN,NY,6168,39560,2015
CN,NY,7000,276,2015
CN,NY,8099,551,2015
CN,OH,3100,70883,2015
CN,OH,3200,48753,2015
CN,OH,4142,35274,2015
CN,OH,4349,2010450,2015
CN,OH,4400,1310372,2015
CN,OH,4600,33355,2015
CN,OH,5155,753839,2015
CN,OH,5354,298062,2015
CN,OH,6168,297149,2015
CN,OH,7000,1,2015
CN,OH,8099,130521,2015
CN,OR,1000,24,2015
CN,OR,2229,128961,2015
CN,OR,3100,149,2015
CN,OR,3200,616,2015
CN,OR,4142,157280,2015
CN,OR,4349,482537,2015
CN,OR,4600,86,2015
CN,OR,5155,1331,2015
CN,OR,5354,231,2015
CN,OR,6168,39305,2015
CN,OR,7000,8812,2015
CN,OR,8099,373,2015
CN,PA,2100,1373734,2015
CN,PA,2229,17579,2015
CN,PA,4349,18739,2015
CN,PR,2229,688544,2015
CN,PR,3100,198,2015
CN,PR,3200,1890,2015
CN,PR,4142,26941,2015
CN,PR,4349,865,2015
CN,PR,5155,27759,2015
CN,PR,5354,1499,2015
CN,PR,6168,217499,2015
CN,PR,7000,16879,2015
CN,PR,8099,39439,2015
CN,RI,2229,683449,2015
CN,RI,4349,25754,2015
CN,SC,2229,350886,2015
CN,SC,3200,163319,2015
CN,SC,4349,232135,2015
CN,SC,7000,10930,2015
CN,SC,8099,6620,2015
CN,TX,2100,49640,2015
CN,TX,2229,127972,2015
CN,TX,3200,229323,2015
CN,TX,6168,72976,2015
CN,TX,7000,22944,2015
CN,TX,8099,2338,2015
CN,VA,1000,205,2015
CN,VA,2229,141693,2015
CN,VA,3100,5745,2015
CN,VA,3200,79,2015
CN,VA,4349,154217,2015
CN,VA,5155,94071,2015
CN,VA,5354,163,2015
CN,VA,6168,1071,2015
CN,VA,7000,1173,2015
CN,VA,8099,62,2015
CN,VI,1000,69,2015
CN,VI,5155,301,2015
CN,VI,5354,2,2015
CN,VI,6168,927,2015
CN,VI,7000,192,2015
CN,VI,8099,48,2015
CN,WA,1000,47044,2015
CN,WA,2100,462183,2015
CN,WA,2229,537302,2015
CN,WA,3100,1690,2015
CN,WA,3200,34161,2015
CN,WA,4142,441240,2015
CN,WA,4349,1784472,2015
CN,WA,4400,577739,2015
CN,WA,4600,24392,2015
CN,WA,5155,733001,2015
CN,WA,5354,43790,2015
CN,WA,6168,17812,2015
CN,WA,7000,44042,2015
CN,WA,8099,194116,2015
CN,WI,2229,3596,2015
CN,WI,4349,1801746,2015
CN,WI,5354,7472,2015
CT,CT,2229,106606,2015
CT,CT,8099,1003836,2015
CT,FO,4400,92020,2015
CT,MA,8099,48029,2015
CT,NJ,8099,153832,2015
CT,NY,2229,23291,2015
CT,NY,8099,210562,2015
CT,RI,8099,23930,2015
CT,VA,8099,954,2015
DC,MD,8099,15,2015
DE,CN,2229,380,2015
DE,CT,2229,253408,2015
DE,DE,2229,907092,2015
DE,FL,8099,50007,2015
DE,FO,2229,1618860,2015
DE,FO,3100,626,2015
DE,FO,3200,2212,2015
DE,FO,4142,747,2015
DE,FO,4349,1076,2015
DE,FO,5155,143754,2015
DE,FO,5354,909,2015
DE,FO,6168,39630,2015
DE,FO,7000,36446,2015
DE,FO,8099,15945,2015
DE,GA,8099,15238,2015
DE,LA,8099,23684,2015
DE,MA,2229,346736,2015
DE,MD,2229,190626,2015
DE,ME,8099,49620,2015
DE,NC,2229,51625,2015
DE,NH,8099,7391,2015
DE,NJ,2100,109908,2015
DE,NJ,2229,990524,2015
DE,NJ,8099,11525,2015
DE,NY,2229,521992,2015
DE,PA,2100,62833,2015
DE,PA,8099,181646,2015
DE,RI,8099,101785,2015
DE,SC,2229,50423,2015
DE,TX,8099,4783,2015
DE,VA,2229,80179,2015
FL,AL,8099,1202190,2015
FL,AR,8099,7938,2015
FL,CN,2229,68,2015
FL,CN,3100,92573,2015
FL,CN,3200,342,2015
FL,CN,4142,54,2015
FL,CN,4349,780,2015
FL,CN,5155,1083,2015
FL,CN,5354,501,2015
FL,CN,6168,12291,2015
FL,CN,7000,18853,2015
FL,CN,8099,19763,2015
FL,FL,2229,478916,2015
FL,FL,8099,180675,2015
FL,FO,1000,560,2015
FL,FO,2229,180401,2015
FL,FO,3100,3946765,2015
FL,FO,3200,1548735,2015
FL,FO,4142,2142002,2015
FL,FO,4349,55543,2015
FL,FO,4400,437903,2015
FL,FO,4600,110734,2015
FL,FO,5155,1110515,2015
FL,FO,5354,618364,2015
FL,FO,6168,2142674,2015
FL,FO,7000,3367079,2015
FL,FO,8099,1522591,2015
FL,GA,8099,39584,2015
FL,LA,4400,48951,2015
FL,LA,8099,2939146,2015
FL,MD,8099,88463,2015
FL,NC,8099,716,2015
FL,NY,8099,502828,2015
FL,OT,8099,752,2015
FL,PA,8099,20368,2015
FL,PR,7000,1006189,2015
FL,PR,8099,1260179,2015
FL,SC,8099,68096,2015
FL,TX,8099,59004,2015
FL,VI,8099,4030,2015
FO,AK,2100,145089,2015
FO,AK,2229,1061417,2015
FO,AK,3200,8428,2015
FO,AK,4142,479,2015
FO,AK,4349,136,2015
FO,AK,5155,131654,2015
FO,AK,5354,19735,2015
FO,AK,6168,8162,2015
FO,AK,7000,42407,2015
FO,AK,8099,17013,2015
FO,AL,1000,2845352,2015
FO,AL,2100,7118126,2015
FO,AL,2229,292980,2015
FO,AL,3100,304643,2015
FO,AL,3200,370048,2015
FO,AL,4142,524180,2015
FO,AL,4349,1150149,2015
FO,AL,4400,553727,2015
FO,AL,4600,163758,2015
FO,AL,5155,133868,2015
FO,AL,5354,5111742,2015
FO,AL,6168,20387,2015
FO,AL,7000,582716,2015
FO,AL,8099,239306,2015
FO,CA,1000,3758,2015
FO,CA,2100,47177784,2015
FO,CA,2229,8191336,2015
FO,CA,3100,1068314,2015
FO,CA,3200,5049994,2015
FO,CA,4142,955312,2015
FO,CA,4349,1779283,2015
FO,CA,4400,4106,2015
FO,CA,4600,174785,2015
FO,CA,5155,5197325,2015
FO,CA,5354,9500061,2015
FO,CA,6168,10197670,2015
FO,CA,7000,35999329,2015
FO,CA,8099,2324755,2015
FO,CT,1000,336446,2015
FO,CT,2229,1099130,2015
FO,CT,3200,49201,2015
FO,CT,4142,200,2015
FO,CT,4349,707469,2015
FO,CT,5155,10183,2015
FO,CT,5354,299338,2015
FO,CT,6168,2177,2015
FO,CT,7000,14016,2015
FO,CT,8099,8363,2015
FO,DE,2100,2141465,2015
FO,DE,2229,501132,2015
FO,DE,3100,24639,2015
FO,DE,3200,74806,2015
FO,DE,4142,121,2015
FO,DE,4349,1522615,2015
FO,DE,4400,15229,2015
FO,DE,4600,37508,2015
FO,DE,5155,4666,2015
FO,DE,5354,161234,2015
FO,DE,6168,2040530,2015
FO,DE,7000,24653,2015
FO,DE,8099,73893,2015
FO,FL,1000,3372660,2015
FO,FL,2229,8400987,2015
FO,FL,3100,313644,2015
FO,FL,3200,2280130,2015
FO,FL,4142,590862,2015
FO,FL,4349,6092406,2015
FO,FL,4400,10840,2015
FO,FL,4600,169678,2015
FO,FL,5155,2469711,2015
FO,FL,5354,2202704,2015
FO,FL,6168,3859917,2015
FO,FL,7000,4334939,2015
FO,FL,8099,528538,2015
FO,GA,1000,150756,2015
FO,GA,2229,918796,2015
FO,GA,3100,248951,2015
FO,GA,3200,1312037,2015
FO,GA,4142,588503,2015
FO,GA,4349,855434,2015
FO,GA,4400,8804,2015
FO,GA,4600,76635,2015
FO,GA,5155,1046381,2015
FO,GA,5354,2060010,2015
FO,GA,6168,2273299,2015
FO,GA,7000,7957035,2015
FO,GA,8099,491610,2015
FO,HI,1000,593920,2015
FO,HI,2100,4682949,2015
FO,HI,2229,700121,2015
FO,HI,3100,790,2015
FO,HI,3200,28879,2015
FO,HI,4142,3615,2015
FO,HI,4349,16516,2015
FO,HI,4400,2,2015
FO,HI,4600,4,2015
FO,HI,5155,502587,2015
FO,HI,5354,22161,2015
FO,HI,6168,55111,2015
FO,HI,7000,95278,2015
FO,HI,8099,4434,2015
FO,IL,1000,12085,2015
FO,IL,3200,1596,2015
FO,IL,4142,22,2015
FO,IL,5155,166,2015
FO,IL,5354,193384,2015
FO,IL,6168,22683,2015
FO,IL,7000,7283,2015
FO,IL,8099,114,2015
FO,IN,3100,13841,2015
FO,IN,3200,3,2015
FO,IN,5354,435989,2015
FO,IN,6168,16855,2015
FO,IN,7000,5253,2015
FO,IN,8099,3545,2015
FO,LA,1000,96484,2015
FO,LA,2100,32502180,2015
FO,LA,2229,13175360,2015
FO,LA,3100,9424318,2015
FO,LA,3200,4742203,2015
FO,LA,4142,453615,2015
FO,LA,4349,8829052,2015
FO,LA,4400,2464638,2015
FO,LA,4600,5668215,2015
FO,LA,5155,336905,2015
FO,LA,5354,8129737,2015
FO,LA,6168,1928788,2015
FO,LA,7000,794899,2015
FO,LA,8099,568627,2015
FO,MA,1000,447380,2015
FO,MA,2229,3840376,2015
FO,MA,3100,505,2015
FO,MA,3200,105888,2015
FO,MA,4142,21205,2015
FO,MA,4349,1397373,2015
FO,MA,4400,12,2015
FO,MA,4600,2253,2015
FO,MA,5155,94652,2015
FO,MA,5354,99532,2015
FO,MA,6168,443384,2015
FO,MA,7000,444518,2015
FO,MA,8099,128831,2015
FO,MD,1000,17778,2015
FO,MD,2229,357718,2015
FO,MD,3100,300811,2015
FO,MD,3200,683008,2015
FO,MD,4142,519976,2015
FO,MD,4349,3637647,2015
FO,MD,4400,2009,2015
FO,MD,4600,380224,2015
FO,MD,5155,945561,2015
FO,MD,5354,1587035,2015
FO,MD,6168,2017018,2015
FO,MD,7000,2656039,2015
FO,MD,8099,212055,2015
FO,ME,1000,121976,2015
FO,ME,2100,2406023,2015
FO,ME,2229,612993,2015
FO,ME,3200,88330,2015
FO,ME,4142,1307,2015
FO,ME,4349,1047277,2015
FO,ME,4400,30,2015
FO,ME,5155,731,2015
FO,ME,5354,11856,2015
FO,ME,6168,46836,2015
FO,ME,7000,16797,2015
FO,ME,8099,7277,2015
FO,MI,3100,37032,2015
FO,MI,3200,385,2015
FO,MI,4349,6,2015
FO,MI,5155,45,2015
FO,MI,5354,312768,2015
FO,MI,6168,21781,2015
FO,MI,7000,6973,2015
FO,MI,8099,3305,2015
FO,MN,4349,36952,2015
FO,MN,5155,1,2015
FO,MN,5354,46856,2015
FO,MN,6168,1,2015
FO,MN,7000,63204,2015
FO,MN,8099,30712,2015
FO,MS,2100,7964914,2015
FO,MS,2229,916199,2015
FO,MS,3200,138338,2015
FO,MS,4142,1701,2015
FO,MS,4349,87839,2015
FO,MS,4400,22,2015
FO,MS,4600,431322,2015
FO,MS,5155,1688,2015
FO,MS,5354,8328,2015
FO,MS,6168,435916,2015
FO,MS,7000,150753,2015
FO,MS,8099,35060,2015
FO,NC,2229,47534,2015
FO,NC,3100,821840,2015
FO,NC,3200,902454,2015
FO,NC,4142,237205,2015
FO,NC,4349,297335,2015
FO,NC,4400,376854,2015
FO,NC,4600,62242,2015
FO,NC,5155,37925,2015
FO,NC,5354,393572,2015
FO,NC,6168,432466,2015
FO,NC,7000,607485,2015
FO,NC,8099,110373,2015
FO,NH,1000,131465,2015
FO,NH,2229,168222,2015
FO,NH,3200,9312,2015
FO,NH,4349,801353,2015
FO,NH,7000,3,2015
FO,NH,8099,20869,2015
FO,NJ,1000,2631,2015
FO,NJ,2100,13325869,2015
FO,NJ,2229,15092890,2015
FO,NJ,3100,65020,2015
FO,NJ,3200,4395452,2015
FO,NJ,4142,448544,2015
FO,NJ,4349,3021640,2015
FO,NJ,4400,12549,2015
FO,NJ,4600,50417,2015
FO,NJ,5155,3534799,2015
FO,NJ,5354,4429967,2015
FO,NJ,6168,9282021,2015
FO,NJ,7000,10158959,2015
FO,NJ,8099,1209114,2015
FO,NY,1000,44,2015
FO,NY,2100,6985,2015
FO,NY,2229,2174048,2015
FO,NY,3100,30876,2015
FO,NY,3200,435677,2015
FO,NY,4142,61367,2015
FO,NY,4349,1879396,2015
FO,NY,4400,278,2015
FO,NY,4600,14085,2015
FO,NY,5155,488574,2015
FO,NY,5354,127307,2015
FO,NY,6168,939856,2015
FO,NY,7000,692277,2015
FO,NY,8099,166821,2015
FO,OH,1000,35,2015
FO,OH,2229,19,2015
FO,OH,3100,17457,2015
FO,OH,3200,10705,2015
FO,OH,4142,440,2015
FO,OH,4349,25060,2015
FO,OH,4600,74813,2015
FO,OH,5155,340,2015
FO,OH,5354,702732,2015
FO,OH,6168,15878,2015
FO,OH,7000,20769,2015
FO,OH,8099,7855,2015
FO,OR,2229,37991,2015
FO,OR,3100,309281,2015
FO,OR,3200,108984,2015
FO,OR,4142,18063,2015
FO,OR,4349,626757,2015
FO,OR,4400,25463,2015
FO,OR,4600,113,2015
FO,OR,5155,597681,2015
FO,OR,5354,68938,2015
FO,OR,6168,13710,2015
FO,OR,7000,381388,2015
FO,OR,8099,2082,2015
FO,OT,2100,24208876,2015
FO,OT,6168,25833,2015
FO,OT,8099,87047,2015
FO,PA,1000,93,2015
FO,PA,2100,4109194,2015
FO,PA,2229,176676,2015
FO,PA,3100,471149,2015
FO,PA,3200,406366,2015
FO,PA,4142,470133,2015
FO,PA,4349,1740088,2015
FO,PA,4400,538,2015
FO,PA,4600,8936,2015
FO,PA,5155,561097,2015
FO,PA,5354,1115257,2015
FO,PA,6168,2642873,2015
FO,PA,7000,615721,2015
FO,PA,8099,142841,2015
FO,PR,1000,1781083,2015
FO,PR,2229,8750054,2015
FO,PR,3100,23323,2015
FO,PR,3200,311843,2015
FO,PR,4142,23919,2015
FO,PR,4349,58569,2015
FO,PR,4400,74,2015
FO,PR,4600,132,2015
FO,PR,5155,404264,2015
FO,PR,5354,220149,2015
FO,PR,6168,906560,2015
FO,PR,7000,403927,2015
FO,PR,8099,157927,2015
FO,RI,1000,133999,2015
FO,RI,2229,2194641,2015
FO,RI,3200,104902,2015
FO,RI,4349,766878,2015
FO,RI,4600,33971,2015
FO,RI,5155,82674,2015
FO,RI,7000,401239,2015
FO,RI,8099,4642,2015
FO,SC,1000,2722,2015
FO,SC,2229,457956,2015
FO,SC,3100,73817,2015
FO,SC,3200,1495359,2015
FO,SC,4142,317884,2015
FO,SC,4349,507114,2015
FO,SC,4400,1242543,2015
FO,SC,4600,417050,2015
FO,SC,5155,390997,2015
FO,SC,5354,1801443,2015
FO,SC,6168,548620,2015
FO,SC,7000,4033862,2015
FO,SC,8099,426956,2015
FO,TX,1000,1328,2015
FO,TX,2100,99948126,2015
FO,TX,2229,20074436,2015
FO,TX,3100,1458256,2015
FO,TX,3200,8924886,2015
FO,TX,4142,1018618,2015
FO,TX,4349,8714844,2015
FO,TX,4400,115781,2015
FO,TX,4600,8675554,2015
FO,TX,5155,3799018,2015
FO,TX,5354,11749640,2015
FO,TX,6168,2834505,2015
FO,TX,7000,4649543,2015
FO,TX,8099,1394256,2015
FO,VA,1000,3099,2015
FO,VA,2229,189582,2015
FO,VA,3100,264298,2015
FO,VA,3200,991811,2015
FO,VA,4142,351143,2015
FO,VA,4349,567985,2015
FO,VA,4400,1550,2015
FO,VA,4600,34818,2015
FO,VA,5155,889482,2015
FO,VA,5354,988357,2015
FO,VA,6168,1544488,2015
FO,VA,7000,4046700,2015
FO,VA,8099,374173,2015
FO,VI,2229,60329,2015
FO,VI,3100,11,2015
FO,VI,3200,153,2015
FO,VI,4142,6,2015
FO,VI,4349,6735,2015
FO,VI,5155,6156,2015
FO,VI,5354,1159,2015
FO,VI,6168,76279,2015
FO,VI,7000,1663,2015
FO,VI,8099,13026,2015
FO,WA,1000,1639,2015
FO,WA,2100,1695057,2015
FO,WA,2229,848036,2015
FO,WA,3100,147018,2015
FO,WA,3200,1154739,2015
FO,WA,4142,252769,2015
FO,WA,4349,1058128,2015
FO,WA,4400,837,2015
FO,WA,4600,755403,2015
FO,WA,5155,1243032,2015
FO,WA,5354,2547241,2015
FO,WA,6168,1036475,2015
FO,WA,7000,6346764,2015
FO,WA,8099,393600,2015
FO,WI,1000,5301,2015
FO,WI,5354,185471,2015
FO,WI,6168,32337,2015
FO,WI,7000,924,2015
FO,WI,8099,25,2015
GA,AL,8099,20224,2015
GA,CN,3200,124,2015
GA,CN,4349,9,2015
GA,CN,5155,227,2015
GA,CN,6168,46,2015
GA,CN,7000,784,2015
GA,CN,8099,48,2015
GA,FL,8099,10299,2015
GA,FO,1000,224,2015
GA,FO,2229,52336,2015
GA,FO,3100,8537,2015
GA,FO,3200,1548810,2015
GA,FO,4142,5565948,2015
GA,FO,4349,1869234,2015
GA,FO,4400,75776,2015
GA,FO,4600,56586,2015
GA,FO,5155,2066338,2015
GA,FO,5354,320966,2015
GA,FO,6168,4150064,2015
GA,FO,7000,2241781,2015
GA,FO,8099,771281,2015
GA,GA,8099,289724,2015
GA,NC,8099,45,2015
GA,NJ,8099,34733,2015
GA,NY,8099,5471,2015
GA,SC,8099,28532,2015
GA,VA,8099,20,2015
GU,CA,8099,14729,2015
GU,GA,8099,3,2015
GU,HI,8099,3376,2015
GU,MH,8099,5210,2015
GU,MP,8099,28191,2015
HI,CA,2229,80602,2015
HI,CA,8099,371162,2015
HI,CN,2229,24778,2015
HI,CN,7000,87,2015
HI,FO,2229,729747,2015
HI,FO,3100,22,2015
HI,FO,3200,6314,2015
HI,FO,4142,18705,2015
HI,FO,4349,4504,2015
HI,FO,4400,93385,2015
HI,FO,4600,2234,2015
HI,FO,5155,703,2015
HI,FO,5354,10236,2015
HI,FO,6168,15370,2015
HI,FO,7000,6862,2015
HI,FO,8099,3885,2015
HI,GU,8099,298477,2015
HI,HI,2229,1123188,2015
HI,HI,3200,32197,2015
HI,HI,5155,132602,2015
HI,HI,7000,8329445,2015
HI,HI,8099,487946,2015
HI,OR,8099,20663,2015
HI,WA,2229,38712,2015
HI,WA,3200,3155,2015
HI,WA,5354,3751,2015
HI,WA,7000,42322,2015
HI,WA,8099,6780,2015
IA,AL,6168,177842,2015
IA,IA,8099,825946,2015
IA,IL,8099,445673,2015
IA,IN,8099,20809,2015
IA,LA,6168,4713240,2015
IA,LA,8099,133029,2015
IA,MN,8099,647825,2015
IA,MO,8099,7607,2015
IA,MS,6168,38692,2015
IA,OK,6168,24622,2015
IA,OK,8099,1600,2015
IA,PA,8099,3283,2015
IA,TN,8099,18198,2015
IA,TX,8099,31299,2015
IA,WI,1000,1383905,2015
IA,WV,8099,4807,2015
ID,OR,8099,11988,2015
IL,AL,3200,25736,2015
IL,AL,4400,181094,2015
IL,AL,5354,11802,2015
IL,AL,6168,578153,2015
IL,AL,7000,6057,2015
IL,AL,8099,688790,2015
IL,AR,3100,25394,2015
IL,AR,4400,195946,2015
IL,AR,8099,70010,2015
IL,FL,8099,9171,2015
IL,FO,6168,86172,2015
IL,IA,3100,17539,2015
IL,IA,6168,7860,2015
IL,IA,8099,268567,2015
IL,IL,1000,1239051,2015
IL,IL,2229,1224205,2015
IL,IL,3100,200311,2015
IL,IL,3200,255246,2015
IL,IL,4349,4508723,2015
IL,IL,4400,31346,2015
IL,IL,5354,4463,2015
IL,IL,6168,120276,2015
IL,IL,8099,36324,2015
IL,IN,1000,7967488,2015
IL,IN,2229,191839,2015
IL,IN,4349,14088,2015
IL,IN,4400,38440,2015
IL,IN,8099,135126,2015
IL,KY,2229,680334,2015
IL,KY,3200,13084,2015
IL,KY,4349,22534,2015
IL,KY,4400,127028,2015
IL,KY,6168,75468,2015
IL,KY,8099,718506,2015
IL,LA,1000,4742462,2015
IL,LA,2100,1938929,2015
IL,LA,2229,3566012,2015
IL,LA,3100,31556,2015
IL,LA,3200,1345494,2015
IL,LA,4349,158446,2015
IL,LA,4400,7610,2015
IL,LA,5155,258370,2015
IL,LA,6168,28689932,2015
IL,LA,8099,10563,2015
IL,MI,1000,510641,2015
IL,MI,8099,329750,2015
IL,MN,8099,97085,2015
IL,MO,1000,735739,2015
IL,MO,2229,454736,2015
IL,MO,3100,52124,2015
IL,MO,4349,606650,2015
IL,MO,6168,44340,2015
IL,MO,8099,114045,2015
IL,MS,2229,57058,2015
IL,MS,3100,7463,2015
IL,MS,3200,56702,2015
IL,MS,6168,36627,2015
IL,MS,8099,55592,2015
IL,OH,1000,1266951,2015
IL,OH,2229,127612,2015
IL,OH,3100,32466,2015
IL,OH,4349,183389,2015
IL,OH,5155,169036,2015
IL,OH,8099,26317,2015
IL,OK,6168,35643,2015
IL,OK,8099,19651,2015
IL,PA,4349,143021,2015
IL,PA,8099,74327,2015
IL,TN,1000,4209858,2015
IL,TN,2229,166651,2015
IL,TN,3100,12842,2015
IL,TN,3200,168492,2015
IL,TN,4349,862207,2015
IL,TN,4400,28851,2015
IL,TN,5354,37396,2015
IL,TN,6168,63129,2015
IL,TN,8099,15306,2015
IL,TX,2229,763719,2015
IL,TX,3200,193780,2015
IL,TX,4349,511420,2015
IL,TX,6168,252901,2015
IL,TX,8099,32083,2015
IL,WI,1000,321109,2015
IL,WI,5155,217005,2015
IL,WI,8099,68334,2015
IL,WV,1000,72301,2015
IL,WV,2229,10576,2015
IL,WV,3200,55249,2015
IL,WV,8099,92727,2015
IN,AL,4400,19226,2015
IN,AL,6168,17891,2015
IN,AL,8099,100042,2015
IN,AR,5354,133962,2015
IN,AR,8099,17504,2015
IN,FL,8099,333089,2015
IN,IA,8099,33808,2015
IN,IL,2229,1067518,2015
IN,IL,3100,49132,2015
IN,IL,4349,35414,2015
IN,IL,4400,20466,2015
IN,IL,6168,11337,2015
IN,IL,8099,240201,2015
IN,IN,4349,2216548,2015
IN,IN,8099,185540,2015
IN,KY,1000,3229327,2015
IN,KY,2229,93821,2015
IN,KY,3100,41305,2015
IN,KY,3200,50808,2015
IN,KY,4349,1570466,2015
IN,KY,8099,207576,2015
IN,LA,2229,242652,2015
IN,LA,3200,49490,2015
IN,LA,4349,21516,2015
IN,LA,6168,5675927,2015
IN,LA,8099,854024,2015
IN,MI,4349,377316,2015
IN,MI,8099,46193,2015
IN,MN,8099,71979,2015
IN,MO,8099,31636,2015
IN,MS,6168,9221,2015
IN,MS,8099,54017,2015
IN,NY,8099,20641,2015
IN,OH,1000,2105085,2015
IN,OH,2229,60609,2015
IN,OH,3100,26467,2015
IN,OH,4349,1205060,2015
IN,OH,8099,7305,2015
IN,OK,8099,10249,2015
IN,PA,4349,56100,2015
IN,PA,8099,4178,2015
IN,TN,3200,56510,2015
IN,TN,8099,100029,2015
IN,TX,2229,42544,2015
IN,TX,8099,59852,2015
IN,WI,8099,58255,2015
IN,WV,4349,1556036,2015
IN,WV,8099,18007,2015
KS,MO,8099,109800,2015
KY,AL,1000,1347539,2015
KY,AL,2229,36415,2015
KY,AL,3200,114434,2015
KY,AL,4349,397602,2015
KY,AL,6168,89227,2015
KY,AL,8099,50205,2015
KY,AR,2229,31815,2015
KY,AR,4349,334791,2015
KY,AR,5354,32976,2015
KY,AR,8099,53646,2015
KY,FL,8099,18883,2015
KY,IA,8099,137685,2015
KY,IL,2229,32273,2015
KY,IL,4349,135412,2015
KY,IL,5354,51077,2015
KY,IL,6168,34338,2015
KY,IL,8099,164144,2015
KY,IN,1000,1708613,2015
KY,IN,2229,629803,2015
KY,IN,4349,1254781,2015
KY,IN,8099,290706,2015
KY,KY,1000,15747697,2015
KY,KY,2229,542299,2015
KY,KY,4349,7110882,2015
KY,KY,5354,27730,2015
KY,KY,8099,876509,2015
KY,LA,1000,2139485,2015
KY,LA,2229,1467062,2015
KY,LA,3200,40944,2015
KY,LA,4349,5896797,2015
KY,LA,6168,5145355,2015
KY,LA,8099,79037,2015
KY,MN,8099,23112,2015
KY,MO,4349,290278,2015
KY,MO,8099,59201,2015
KY,MS,1000,44230,2015
KY,MS,4349,1573585,2015
KY,MS,5155,5263,2015
KY,MS,6168,25067,2015
KY,MS,8099,20093,2015
KY,OH,1000,5133950,2015
KY,OH,2229,704484,2015
KY,OH,4349,1365257,2015
KY,OH,5354,97091,2015
KY,OH,8099,643311,2015
KY,OK,8099,65101,2015
KY,PA,1000,89290,2015
KY,PA,4349,667236,2015
KY,PA,8099,245743,2015
KY,TN,1000,6919987,2015
KY,TN,4349,3168657,2015
KY,TN,5354,71136,2015
KY,TN,8099,282085,2015
KY,TX,2229,35793,2015
KY,TX,3200,17158,2015
KY,TX,4349,172829,2015
KY,TX,8099,65263,2015
KY,WI,8099,34164,2015
KY,WV,1000,1916930,2015
KY,WV,2229,34152,2015
KY,WV,4349,3050063,2015
KY,WV,5155,4778,2015
KY,WV,5354,24278,2015
KY,WV,8099,37245,2015
LA,AL,1000,20679,2015
LA,AL,2100,2276624,2015
LA,AL,2229,653572,2015
LA,AL,3100,186793,2015
LA,AL,3200,689428,2015
LA,AL,4349,116220,2015
LA,AL,4400,191441,2015
LA,AL,4600,68050,2015
LA,AL,5354,1273528,2015
LA,AL,7000,1244,2015
LA,AL,8099,6091,2015
LA,AR,2229,403480,2015
LA,AR,3100,607474,2015
LA,AR,4349,101523,2015
LA,AR,4400,520966,2015
LA,AR,4600,118231,2015
LA,AR,5354,1469276,2015
LA,AR,6168,64769,2015
LA,AR,8099,79915,2015
LA,CA,8099,73343,2015
LA,CN,1000,57259,2015
LA,CN,2100,2077488,2015
LA,CN,2229,1205828,2015
LA,CN,3200,240197,2015
LA,CN,6168,7715,2015
LA,CN,7000,67936,2015
LA,CN,8099,155448,2015
LA,CT,8099,100004,2015
LA,FL,2229,18079170,2015
LA,FL,3200,707184,2015
LA,FL,8099,2703185,2015
LA,FO,1000,8800662,2015
LA,FO,2100,148231,2015
LA,FO,2229,38644396,2015
LA,FO,3100,654933,2015
LA,FO,3200,5943111,2015
LA,FO,4142,408018,2015
LA,FO,4349,155722,2015
LA,FO,4400,169359,2015
LA,FO,4600,607342,2015
LA,FO,5155,406779,2015
LA,FO,5354,156371,2015
LA,FO,6168,83955524,2015
LA,FO,7000,526789,2015
LA,FO,8099,783595,2015
LA,GA,8099,67717,2015
LA,IA,3100,776483,2015
LA,IA,3200,114419,2015
LA,IA,4349,421262,2015
LA,IA,5354,91497,2015
LA,IA,8099,31287,2015
LA,IL,1000,8216,2015
LA,IL,2229,936480,2015
LA,IL,3100,2767613,2015
LA,IL,3200,1402904,2015
LA,IL,4349,1736228,2015
LA,IL,4400,44219,2015
LA,IL,4600,151275,2015
LA,IL,5155,146530,2015
LA,IL,5354,2208088,2015
LA,IL,6168,414770,2015
LA,IL,7000,18593,2015
LA,IL,8099,9300,2015
LA,IN,2229,117743,2015
LA,IN,3100,452329,2015
LA,IN,4349,456032,2015
LA,IN,4400,116087,2015
LA,IN,5354,689316,2015
LA,IN,6168,108950,2015
LA,IN,8099,148541,2015
LA,KS,8099,1426,2015
LA,KY,1000,65383,2015
LA,KY,2229,521667,2015
LA,KY,3100,575770,2015
LA,KY,3200,663666,2015
LA,KY,4349,981392,2015
LA,KY,4400,265700,2015
LA,KY,4600,993808,2015
LA,KY,5354,685511,2015
LA,KY,6168,14716,2015
LA,KY,8099,9214,2015
LA,LA,1000,2076678,2015
LA,LA,2100,11089998,2015
LA,LA,2229,27547003,2015
LA,LA,3100,872152,2015
LA,LA,3200,6306990,2015
LA,LA,4349,2334689,2015
LA,LA,4400,66441,2015
LA,LA,4600,190414,2015
LA,LA,5354,190326,2015
LA,LA,6168,2965023,2015
LA,LA,7000,101817,2015
LA,LA,8099,8,2015
LA,MA,8099,10699,2015
LA,MD,8099,24689,2015
LA,MN,3100,1895873,2015
LA,MN,3200,59276,2015
LA,MN,4349,808095,2015
LA,MN,5354,130892,2015
LA,MN,6168,30758,2015
LA,MN,8099,43179,2015
LA,MO,2229,84176,2015
LA,MO,3100,1845023,2015
LA,MO,3200,238969,2015
LA,MO,4349,457304,2015
LA,MO,4600,469095,2015
LA,MO,5354,108671,2015
LA,MO,6168,13582,2015
LA,MO,8099,165146,2015
LA,MS,1000,74093,2015
LA,MS,2100,159727,2015
LA,MS,2229,1401329,2015
LA,MS,3100,382462,2015
LA,MS,3200,322270,2015
LA,MS,4349,311925,2015
LA,MS,4600,37072,2015
LA,MS,5354,52903,2015
LA,MS,6168,17003,2015
LA,MS,8099,18297,2015
LA,NC,8099,176508,2015
LA,NE,3100,13191,2015
LA,NJ,2229,118136,2015
LA,NJ,8099,398455,2015
LA,NY,2229,36494,2015
LA,NY,8099,19259,2015
LA,OH,2229,195559,2015
LA,OH,3100,778808,2015
LA,OH,3200,957465,2015
LA,OH,4349,1335464,2015
LA,OH,4600,272072,2015
LA,OH,5155,16354,2015
LA,OH,5354,1073657,2015
LA,OH,6168,96131,2015
LA,OH,8099,105175,2015
LA,OK,1000,33186,2015
LA,OK,2229,54248,2015
LA,OK,3100,1716289,2015
LA,OK,4349,126079,2015
LA,OK,4600,20161,2015
LA,OK,5354,180040,2015
LA,OK,6168,97983,2015
LA,OK,8099,57328,2015
LA,OT,2229,168853,2015
LA,OT,3200,39708,2015
LA,OT,4349,142995,2015
LA,OT,5155,14809,2015
LA,OT,5354,6870,2015
LA,OT,6168,107441,2015
LA,OT,7000,3496310,2015
LA,OT,8099,30809,2015
LA,PA,1000,13153,2015
LA,PA,2229,197486,2015
LA,PA,3100,47623,2015
LA,PA,3200,153229,2015
LA,PA,4349,1070189,2015
LA,PA,4600,109178,2015
LA,PA,5155,7632,2015
LA,PA,5354,522573,2015
LA,PA,8099,24303,2015
LA,PR,8099,412105,2015
LA,SC,8099,192428,2015
LA,TN,1000,90527,2015
LA,TN,2229,666079,2015
LA,TN,3100,725549,2015
LA,TN,3200,341970,2015
LA,TN,4349,1393335,2015
LA,TN,4600,89372,2015
LA,TN,5354,588654,2015
LA,TN,6168,100101,2015
LA,TN,8099,93536,2015
LA,TS,8099,9586,2015
LA,TX,1000,26677,2015
LA,TX,2100,1017030,2015
LA,TX,2229,14706621,2015
LA,TX,3100,342511,2015
LA,TX,3200,3097047,2015
LA,TX,4349,96068,2015
LA,TX,4600,90014,2015
LA,TX,5354,146375,2015
LA,TX,6168,123594,2015
LA,TX,7000,9474,2015
LA,TX,8099,596646,2015
LA,VA,8099,41020,2015
LA,WA,8099,754,2015
LA,WI,3100,96785,2015
LA,WI,5354,80752,2015
LA,WI,8099,76032,2015
LA,WV,2229,44907,2015
LA,WV,3100,93237,2015
LA,WV,3200,278898,2015
LA,WV,4349,362314,2015
LA,WV,4400,130904,2015
LA,WV,5354,166623,2015
LA,WV,8099,22674,2015
MA,CT,8099,101357,2015
MA,FO,2229,631,2015
MA,FO,3100,23,2015
MA,FO,3200,26101,2015
MA,FO,4142,555907,2015
MA,FO,4349,246,2015
MA,FO,4400,685630,2015
MA,FO,4600,28058,2015
MA,FO,5155,36858,2015
MA,FO,5354,30654,2015
MA,FO,6168,61393,2015
MA,FO,7000,159865,2015
MA,FO,8099,9801,2015
MA,MA,2229,108338,2015
MA,MA,8099,53132,2015
MA,NY,8099,38769,2015
MA,OT,8099,3611,2015
MA,RI,8099,16796,2015
MA,SC,8099,29178,2015
MD,AL,8099,9191,2015
MD,CN,1000,607709,2015
MD,CN,2229,5783,2015
MD,CN,3200,1,2015
MD,CN,5354,1,2015
MD,CN,6168,46,2015
MD,CN,7000,1004,2015
MD,CN,8099,1,2015
MD,CT,8099,23380,2015
MD,DC,8099,75173,2015
MD,DE,2229,95201,2015
MD,FL,8099,117395,2015
MD,FO,1000,13759221,2015
MD,FO,2229,49778,2015
MD,FO,3100,5149,2015
MD,FO,3200,148372,2015
MD,FO,4142,948448,2015
MD,FO,4349,4630,2015
MD,FO,4400,294664,2015
MD,FO,4600,90849,2015
MD,FO,5155,129541,2015
MD,FO,5354,247107,2015
MD,FO,6168,210997,2015
MD,FO,7000,1103187,2015
MD,FO,8099,184196,2015
MD,GA,8099,2105,2015
MD,LA,8099,11383,2015
MD,MA,8099,29135,2015
MD,MD,2229,275323,2015
MD,MD,5354,3089,2015
MD,MD,6168,55300,2015
MD,MD,7000,1384,2015
MD,MD,8099,4180441,2015
MD,ME,8099,9216,2015
MD,NC,4400,249367,2015
MD,NC,8099,156739,2015
MD,NJ,2229,269144,2015
MD,NJ,8099,201977,2015
MD,NY,2229,95065,2015
MD,NY,8099,612710,2015
MD,PA,2229,23432,2015
MD,PA,8099,6276,2015
MD,SC,8099,25985,2015
MD,VA,2229,54437,2015
MD,VA,6168,744998,2015
MD,VA,8099,1839247,2015
ME,FO,4142,315108,2015
ME,MA,8099,16568,2015
ME,ME,8099,60286,2015
ME,NH,8099,14303,2015
MH,GU,8099,164,2015
MH,MH,8099,24,2015
MI,CN,1000,36769,2015
MI,CN,2229,38015,2015
MI,CN,3200,124029,2015
MI,CN,4349,938693,2015
MI,CN,4400,1439673,2015
MI,CN,5155,111234,2015
MI,IL,5155,740263,2015
MI,IL,8099,301680,2015
MI,IN,4349,3339101,2015
MI,IN,4400,2854801,2015
MI,IN,8099,80474,2015
MI,MI,2229,62076,2015
MI,MI,4349,6899929,2015
MI,MI,5155,863501,2015
MI,MI,7000,12624,2015
MI,MI,8099,3139524,2015
MI,MN,4349,1946708,2015
MI,NY,8099,182521,2015
MI,OH,4349,4597566,2015
MI,OH,4400,2034396,2015
MI,OH,5155,184308,2015
MI,OH,8099,152257,2015
MI,PA,4349,372340,2015
MI,WI,4349,1903180,2015
MI,WI,5155,1290982,2015
MI,WI,8099,82835,2015
MN,AL,4400,16810,2015
MN,AL,6168,129007,2015
MN,AL,8099,4500,2015
MN,AR,4400,225328,2015
MN,AR,8099,3189,2015
MN,CN,4400,2433307,2015
MN,CN,8099,29206,2015
MN,FO,4349,10585,2015
MN,FO,6168,26760,2015
MN,FO,7000,134,2015
MN,IA,8099,106792,2015
MN,IL,8099,140238,2015
MN,IN,4400,12832687,2015
MN,IN,8099,58225,2015
MN,KY,8099,15470,2015
MN,LA,6168,3895208,2015
MN,LA,8099,39019,2015
MN,MI,8099,3369659,2015
MN,MN,4349,1181850,2015
MN,MN,8099,3082,2015
MN,MO,8099,65836,2015
MN,MS,6168,101687,2015
MN,MS,8099,10869,2015
MN,OH,4400,6853192,2015
MN,OH,8099,69925,2015
MN,OK,8099,7658,2015
MN,TN,8099,23484,2015
MN,TX,8099,22987,2015
MN,WI,8099,21855,2015
MO,AL,6168,219078,2015
MO,AL,8099,92180,2015
MO,AR,4349,34938,2015
MO,AR,8099,88222,2015
MO,IA,8099,224196,2015
MO,IL,3100,105971,2015
MO,IL,4142,49259,2015
MO,IL,4349,456075,2015
MO,IL,5155,942744,2015
MO,IL,6168,9457,2015
MO,IL,8099,53423,2015
MO,IN,8099,17381,2015
MO,KY,3100,15895,2015
MO,KY,4349,155469,2015
MO,KY,5155,98791,2015
MO,KY,8099,204052,2015
MO,LA,2100,78768,2015
MO,LA,2229,61584,2015
MO,LA,3200,134570,2015
MO,LA,4349,2413026,2015
MO,LA,4600,323628,2015
MO,LA,5155,874868,2015
MO,LA,5354,34652,2015
MO,LA,6168,8956286,2015
MO,LA,8099,4399374,2015
MO,MN,8099,462361,2015
MO,MO,3100,10700,2015
MO,MO,4349,4047578,2015
MO,MO,5155,537833,2015
MO,MO,8099,20961,2015
MO,MS,4349,444197,2015
MO,MS,5155,348087,2015
MO,MS,6168,7074,2015
MO,MS,8099,26547,2015
MO,OH,4349,70772,2015
MO,OH,8099,191774,2015
MO,OK,8099,50773,2015
MO,PA,4349,305010,2015
MO,PA,8099,12322,2015
MO,TN,4349,1050050,2015
MO,TN,5155,1010638,2015
MO,TN,8099,50616,2015
MO,TX,4349,142006,2015
MO,TX,5155,675867,2015
MO,TX,8099,112045,2015
MO,WI,8099,270945,2015
MO,WV,8099,428640,2015
MP,CA,8099,77,2015
MP,GU,8099,531,2015
MS,AL,6168,71090,2015
MS,AL,8099,222730,2015
MS,AR,4400,34866,2015
MS,AR,8099,14952,2015
MS,CA,8099,3131,2015
MS,DE,8099,4994,2015
MS,FL,2229,4424395,2015
MS,FL,3200,239792,2015
MS,FO,1000,116330,2015
MS,FO,2229,8036630,2015
MS,FO,3100,627,2015
MS,FO,3200,64151,2015
MS,FO,4142,17820,2015
MS,FO,4349,950,2015
MS,FO,4600,98,2015
MS,FO,5155,249837,2015
MS,FO,5354,1848,2015
MS,FO,6168,80289,2015
MS,FO,7000,163413,2015
MS,FO,8099,23751,2015
MS,IA,8099,1983,2015
MS,IL,3100,6919,2015
MS,IL,8099,162641,2015
MS,IN,8099,10299,2015
MS,KY,5354,38531,2015
MS,KY,8099,1000815,2015
MS,LA,2100,160276,2015
MS,LA,2229,504216,2015
MS,LA,3200,365146,2015
MS,LA,4400,17905,2015
MS,LA,6168,4174862,2015
MS,LA,8099,81780,2015
MS,MN,8099,2402,2015
MS,MO,8099,4490,2015
MS,MS,2229,102301,2015
MS,MS,8099,347401,2015
MS,NC,8099,4994,2015
MS,NJ,8099,41960,2015
MS,OK,8099,63142,2015
MS,OT,7000,302,2015
MS,PA,8099,32693,2015
MS,TN,2229,33189,2015
MS,TN,4349,38361,2015
MS,TN,8099,49959,2015
MS,TX,2229,1129540,2015
MS,TX,3200,347350,2015
MS,TX,8099,121819,2015
MS,WI,8099,1204,2015
MS,WV,8099,1557,2015
NC,DE,8099,48511,2015
NC,FO,2229,936,2015
NC,FO,3100,64737,2015
NC,FO,3200,619021,2015
NC,FO,4142,1058583,2015
NC,FO,4349,12323,2015
NC,FO,4400,8283,2015
NC,FO,4600,5151,2015
NC,FO,5155,116641,2015
NC,FO,5354,47733,2015
NC,FO,6168,182578,2015
NC,FO,7000,301889,2015
NC,FO,8099,45139,2015
NC,LA,8099,22640,2015
NC,MD,8099,34806,2015
NC,NC,8099,1277660,2015
NC,NJ,8099,26450,2015
NC,RI,8099,9200,2015
NC,TS,8099,7260,2015
NC,VA,8099,26500,2015
NE,LA,8099,6800,2015
NH,FO,6168,6614,2015
NH,MA,8099,4473,2015
NH,NY,8099,11616,2015
NJ,AL,8099,8422,2015
NJ,CN,2229,208964,2015
NJ,CN,3200,25420,2015
NJ,CN,4142,22,2015
NJ,CN,5155,44,2015
NJ,CN,6168,1667,2015
NJ,CN,7000,2264,2015
NJ,CN,8099,44,2015
NJ,CT,2229,6459630,2015
NJ,CT,3200,550190,2015
NJ,DE,2100,747033,2015
NJ,DE,2229,1089714,2015
NJ,DE,3200,147529,2015
NJ,FL,2229,642679,2015
NJ,FL,3200,143515,2015
NJ,FO,1000,1594,2015
NJ,FO,2229,2691152,2015
NJ,FO,3100,17363,2015
NJ,FO,3200,1571113,2015
NJ,FO,4142,3532971,2015
NJ,FO,4349,46123,2015
NJ,FO,4400,2453302,2015
NJ,FO,4600,270423,2015
NJ,FO,5155,541532,2015
NJ,FO,5354,625126,2015
NJ,FO,6168,1758649,2015
NJ,FO,7000,3014426,2015
NJ,FO,8099,682523,2015
NJ,GA,8099,113122,2015
NJ,LA,8099,12628,2015
NJ,MA,2229,3016526,2015
NJ,MA,3200,530540,2015
NJ,MA,8099,6200,2015
NJ,MD,2229,506107,2015
NJ,MD,8099,224181,2015
NJ,ME,2229,578734,2015
NJ,ME,3200,284690,2015
NJ,MS,8099,21384,2015
NJ,NC,2229,125193,2015
NJ,NC,4400,89797,2015
NJ,NH,2229,413384,2015
NJ,NJ,2229,7373859,2015
NJ,NJ,3200,378989,2015
NJ,NJ,8099,829194,2015
NJ,NY,2229,10521399,2015
NJ,NY,3200,642286,2015
NJ,NY,8099,162766,2015
NJ,PA,2100,4924745,2015
NJ,PA,2229,1041899,2015
NJ,PA,3200,156391,2015
NJ,PA,8099,17,2015
NJ,PR,8099,400017,2015
NJ,RI,2229,2679459,2015
NJ,RI,3200,163427,2015
NJ,SC,2229,150830,2015
NJ,TX,2229,80155,2015
NJ,VA,2229,364190,2015
NJ,VA,8099,23290,2015
NY,CN,3200,1,2015
NY,CN,6168,47,2015
NY,CN,7000,1834,2015
NY,CT,2229,493675,2015
NY,CT,8099,173964,2015
NY,DE,8099,113699,2015
NY,FL,8099,20578,2015
NY,FO,1000,509,2015
NY,FO,2229,176480,2015
NY,FO,3100,3314,2015
NY,FO,3200,307602,2015
NY,FO,4142,126601,2015
NY,FO,4349,7386,2015
NY,FO,4400,260692,2015
NY,FO,4600,14003,2015
NY,FO,5155,51574,2015
NY,FO,5354,61111,2015
NY,FO,6168,249005,2015
NY,FO,7000,444096,2015
NY,FO,8099,200538,2015
NY,MA,2229,501339,2015
NY,MA,3200,115196,2015
NY,MA,8099,147038,2015
NY,MD,8099,7518,2015
NY,ME,2229,222111,2015
NY,ME,8099,15274,2015
NY,NJ,2100,2554540,2015
NY,NJ,2229,1046567,2015
NY,NJ,3200,9702,2015
NY,NJ,8099,1181921,2015
NY,NY,2229,1111896,2015
NY,NY,3200,199820,2015
NY,NY,5155,279956,2015
NY,NY,8099,3350268,2015
NY,PA,2229,51730,2015
NY,PA,8099,1158712,2015
NY,RI,3200,42005,2015
NY,RI,8099,244155,2015
NY,SC,8099,13660,2015
NY,VA,8099,12480,2015
OH,AL,6168,21287,2015
OH,AL,8099,14856,2015
OH,AR,8099,8847,2015
OH,CN,1000,2691089,2015
OH,CN,2229,24221,2015
OH,CN,3200,72,2015
OH,CN,4349,691930,2015
OH,CN,4600,44,2015
OH,CN,5155,7801,2015
OH,CN,5354,135,2015
OH,CN,6168,473217,2015
OH,CN,7000,395,2015
OH,CN,8099,14,2015
OH,FO,3200,126,2015
OH,FO,4142,197,2015
OH,FO,4349,9315,2015
OH,FO,4600,22,2015
OH,FO,5155,1284,2015
OH,FO,5354,403,2015
OH,FO,6168,181270,2015
OH,FO,7000,486,2015
OH,FO,8099,64,2015
OH,IL,4349,207185,2015
OH,IL,8099,166755,2015
OH,IN,1000,246650,2015
OH,IN,4400,141033,2015
OH,IN,8099,201574,2015
OH,KY,2229,120454,2015
OH,KY,4349,754922,2015
OH,KY,8099,1680517,2015
OH,LA,2229,91494,2015
OH,LA,3200,19655,2015
OH,LA,6168,1696494,2015
OH,LA,8099,80982,2015
OH,MI,1000,2341120,2015
OH,MI,4349,529874,2015
OH,MI,8099,78210,2015
OH,MN,8099,65452,2015
OH,MO,8099,158716,2015
OH,MS,8099,4629,2015
OH,NY,8099,30963,2015
OH,OH,1000,2774217,2015
OH,OH,2229,73479,2015
OH,OH,4349,2823792,2015
OH,OH,8099,3531799,2015
OH,OK,8099,1460,2015
OH,PA,1000,718137,2015
OH,PA,4349,904247,2015
OH,PA,8099,96351,2015
OH,TN,8099,31714,2015
OH,TX,2229,45963,2015
OH,TX,8099,59477,2015
OH,WI,1000,430770,2015
OH,WI,4349,199896,2015
OH,WI,8099,12604,2015
OH,WV,1000,2356624,2015
OH,WV,2229,81495,2015
OH,WV,4349,656273,2015
OH,WV,8099,35049,2015
OK,AL,4400,5830,2015
OK,AL,6168,39041,2015
OK,AR,4400,112295,2015
OK,AR,8099,6455,2015
OK,IA,8099,19600,2015
OK,IL,8099,140889,2015
OK,IN,8099,19652,2015
OK,KY,8099,8159,2015
OK,LA,1000,38554,2015
OK,LA,2229,177037,2015
OK,LA,6168,1404211,2015
OK,LA,8099,42689,2015
OK,MN,8099,9163,2015
OK,MO,8099,19100,2015
OK,MS,8099,21294,2015
OK,OH,8099,12800,2015
OK,TN,6168,42288,2015
OK,TN,8099,7616,2015
OK,TX,4400,6297,2015
OK,TX,8099,16322,2015
OK,WI,8099,3200,2015
OK,WV,8099,1600,2015
OR,CA,2100,229057,2015
OR,CA,8099,212457,2015
OR,CN,4142,40757,2015
OR,CN,7000,1,2015
OR,FO,3100,2045450,2015
OR,FO,3200,2528732,2015
OR,FO,4142,1936262,2015
OR,FO,4349,41062,2015
OR,FO,4400,27647,2015
OR,FO,4600,3025,2015
OR,FO,5155,24618,2015
OR,FO,5354,7893,2015
OR,FO,6168,3926545,2015
OR,FO,7000,104810,2015
OR,FO,8099,58868,2015
OR,HI,8099,159856,2015
OR,OR,4142,65769,2015
OR,OR,4349,2306364,2015
OR,OR,8099,753419,2015
OR,WA,2229,959638,2015
OR,WA,4142,604365,2015
OR,WA,4349,53212,2015
OR,WA,8099,482957,2015
OT,AK,8099,43494,2015
OT,AL,7000,8361,2015
OT,FL,8099,358,2015
OT,FO,5354,4,2015
OT,FO,7000,149,2015
OT,FO,8099,7,2015
OT,LA,2100,570254,2015
OT,LA,2229,146564,2015
OT,LA,3200,35734,2015
OT,LA,4349,198436,2015
OT,LA,5155,5079,2015
OT,LA,5354,4241,2015
OT,LA,6168,73572,2015
OT,LA,7000,1894079,2015
OT,LA,8099,349,2015
OT,MA,8099,14267,2015
OT,MS,8099,151,2015
OT,OT,8099,45875,2015
OT,TX,7000,105768,2015
OT,TX,8099,9708,2015
PA,AL,8099,55912,2015
PA,AR,1000,46275,2015
PA,AR,8099,14286,2015
PA,CN,1000,66168,2015
PA,CN,2229,35545,2015
PA,CN,7000,7661,2015
PA,CT,2229,249216,2015
PA,DE,8099,962412,2015
PA,FL,2229,34664,2015
PA,FO,1000,14509,2015
PA,FO,2229,931280,2015
PA,FO,3100,2656,2015
PA,FO,3200,240134,2015
PA,FO,4142,81997,2015
PA,FO,4349,4680,2015
PA,FO,4400,363867,2015
PA,FO,4600,14935,2015
PA,FO,5155,157517,2015
PA,FO,5354,123294,2015
PA,FO,6168,181713,2015
PA,FO,7000,248349,2015
PA,FO,8099,83282,2015
PA,IL,8099,22782,2015
PA,IN,1000,89914,2015
PA,IN,8099,24261,2015
PA,KY,1000,427265,2015
PA,KY,2229,213792,2015
PA,KY,4400,162797,2015
PA,KY,8099,3348,2015
PA,LA,2229,44418,2015
PA,LA,8099,6642,2015
PA,MA,8099,81043,2015
PA,MD,2229,116983,2015
PA,MD,8099,33111,2015
PA,ME,8099,7460,2015
PA,MS,8099,12217,2015
PA,NC,8099,2974,2015
PA,NH,8099,7541,2015
PA,NJ,2229,2399193,2015
PA,NJ,8099,19854,2015
PA,NY,2229,423380,2015
PA,OH,1000,2911390,2015
PA,OH,4349,443686,2015
PA,OH,8099,8068,2015
PA,OK,8099,15301,2015
PA,PA,1000,3083630,2015
PA,PA,2100,1138083,2015
PA,PA,2229,906717,2015
PA,PA,3200,794038,2015
PA,PA,4349,1024512,2015
PA,PA,8099,6113,2015
PA,RI,8099,96698,2015
PA,SC,8099,36465,2015
PA,TN,8099,50482,2015
PA,TX,2229,25668,2015
PA,TX,8099,241305,2015
PA,VA,2229,102695,2015
PA,VA,8099,449903,2015
PA,WV,1000,1456386,2015
PA,WV,2229,131118,2015
PA,WV,8099,182162,2015
PR,CN,3200,15,2015
PR,CN,7000,44,2015
PR,CN,8099,5,2015
PR,FL,7000,404764,2015
PR,FL,8099,318039,2015
PR,FO,2229,538452,2015
PR,FO,3200,35538,2015
PR,FO,4142,73994,2015
PR,FO,4349,231,2015
PR,FO,4400,96643,2015
PR,FO,4600,13690,2015
PR,FO,5155,24198,2015
PR,FO,5354,7317,2015
PR,FO,6168,26511,2015
PR,FO,7000,105339,2015
PR,FO,8099,9392,2015
PR,NJ,8099,225568,2015
PR,PR,8099,1447075,2015
PR,VI,8099,58597,2015
RI,CT,8099,109268,2015
RI,FO,3200,32452,2015
RI,FO,4349,1,2015
RI,FO,4400,600078,2015
RI,FO,5155,3,2015
RI,FO,7000,15902,2015
RI,MA,3200,56444,2015
RI,MA,8099,149803,2015
RI,MD,8099,7263,2015
RI,ME,8099,2145,2015
RI,NY,8099,1033,2015
RI,RI,3200,23773,2015
RI,RI,8099,22513,2015
RI,VA,8099,7182,2015
SC,CN,6168,74,2015
SC,CN,7000,26,2015
SC,FL,8099,375,2015
SC,FO,1000,426,2015
SC,FO,2229,19613,2015
SC,FO,3100,10669,2015
SC,FO,3200,1088409,2015
SC,FO,4142,1335222,2015
SC,FO,4349,61440,2015
SC,FO,4400,71007,2015
SC,FO,4600,58843,2015
SC,FO,5155,743103,2015
SC,FO,5354,250712,2015
SC,FO,6168,1300968,2015
SC,FO,7000,2205637,2015
SC,FO,8099,459860,2015
SC,GA,8099,3458,2015
SC,MD,8099,12051,2015
SC,NC,8099,15737,2015
SC,NJ,8099,2500,2015
SC,NY,8099,58063,2015
SC,PA,8099,4829,2015
SC,RI,8099,134287,2015
SC,SC,8099,403740,2015
TN,AL,4400,272479,2015
TN,AL,6168,19696,2015
TN,AL,8099,19240,2015
TN,AR,8099,77269,2015
TN,IL,2229,55589,2015
TN,IL,3200,58647,2015
TN,IL,4142,45457,2015
TN,IL,6168,8694,2015
TN,IL,8099,9266,2015
TN,IN,8099,7116,2015
TN,KY,2229,638271,2015
TN,KY,8099,56651,2015
TN,LA,2229,638994,2015
TN,LA,3200,42107,2015
TN,LA,6168,3660225,2015
TN,LA,8099,118885,2015
TN,MN,8099,15304,2015
TN,MO,2229,123096,2015
TN,MO,8099,118401,2015
TN,MS,2229,98871,2015
TN,MS,4400,16538,2015
TN,MS,6168,29061,2015
TN,MS,8099,12697,2015
TN,OH,8099,25338,2015
TN,OK,6168,17476,2015
TN,OK,8099,12777,2015
TN,PA,8099,19942,2015
TN,TN,2229,46497,2015
TN,TN,4349,1835260,2015
TN,TN,4600,109962,2015
TN,TN,8099,41956,2015
TN,TX,2229,31076,2015
TN,TX,3200,11358,2015
TN,TX,8099,13613,2015
TN,WV,8099,40695,2015
TS,AL,8099,44833,2015
TS,FL,8099,24071,2015
TS,LA,8099,163695,2015
TS,OT,8099,552523,2015
TS,PA,8099,26849,2015
TS,SC,8099,16481,2015
TS,TX,8099,526449,2015
TX,AL,2100,1024638,2015
TX,AL,2229,157846,2015
TX,AL,3200,1324992,2015
TX,AL,4400,224993,2015
TX,AL,8099,29653,2015
TX,AR,2229,54704,2015
TX,AR,3100,19427,2015
TX,AR,4400,569892,2015
TX,AR,5354,96482,2015
TX,AR,8099,19255,2015
TX,CA,8099,26843,2015
TX,CN,2100,7793637,2015
TX,CN,2229,3195525,2015
TX,CN,3200,113546,2015
TX,CN,4349,728,2015
TX,CN,4600,682625,2015
TX,CN,5354,822,2015
TX,CN,7000,5842,2015
TX,CN,8099,200950,2015
TX,CT,8099,59352,2015
TX,DE,8099,13806,2015
TX,FL,2229,4873877,2015
TX,FL,3200,2603624,2015
TX,FL,8099,342224,2015
TX,FO,1000,569035,2015
TX,FO,2100,2852273,2015
TX,FO,2229,109012051,2015
TX,FO,3100,326877,2015
TX,FO,3200,26585063,2015
TX,FO,4142,779260,2015
TX,FO,4349,1190429,2015
TX,FO,4400,502946,2015
TX,FO,4600,1396002,2015
TX,FO,5155,312350,2015
TX,FO,5354,595666,2015
TX,FO,6168,14070275,2015
TX,FO,7000,3236060,2015
TX,FO,8099,1984702,2015
TX,GA,2229,72350,2015
TX,GA,3200,387897,2015
TX,HI,8099,35072,2015
TX,IA,8099,7950,2015
TX,IL,2229,354218,2015
TX,IL,3100,41012,2015
TX,IL,3200,529059,2015
TX,IL,5354,36638,2015
TX,IL,8099,1509,2015
TX,IN,2229,42378,2015
TX,IN,5354,17592,2015
TX,IN,8099,956056,2015
TX,KY,2229,86711,2015
TX,KY,3200,350500,2015
TX,KY,4400,61429,2015
TX,KY,5354,42134,2015
TX,KY,8099,23053,2015
TX,LA,2100,17920398,2015
TX,LA,2229,8618020,2015
TX,LA,3100,44094,2015
TX,LA,3200,1947644,2015
TX,LA,4349,52818,2015
TX,LA,4400,95806,2015
TX,LA,5354,18360,2015
TX,LA,6168,156926,2015
TX,LA,7000,5147,2015
TX,LA,8099,293276,2015
TX,MD,8099,39951,2015
TX,ME,8099,8347,2015
TX,MN,8099,65617,2015
TX,MO,3100,18313,2015
TX,MO,8099,46806,2015
TX,MS,2100,614352,2015
TX,MS,2229,324444,2015
TX,MS,3100,24784,2015
TX,MS,3200,251979,2015
TX,MS,8099,3326,2015
TX,NC,8099,123455,2015
TX,NJ,2100,710933,2015
TX,NJ,2229,239396,2015
TX,NJ,8099,132459,2015
TX,NY,8099,14581,2015
TX,OH,2229,106933,2015
TX,OH,3200,89315,2015
TX,OH,8099,83605,2015
TX,OK,8099,7443,2015
TX,OT,2100,7495993,2015
TX,OT,2229,24656,2015
TX,OT,6168,5245,2015
TX,OT,7000,142513,2015
TX,OT,8099,11705,2015
TX,PA,2100,2244745,2015
TX,PA,2229,75794,2015
TX,PA,3200,640947,2015
TX,PA,5354,32386,2015
TX,PA,8099,5849,2015
TX,SC,3200,671926,2015
TX,SC,8099,9128,2015
TX,TN,2229,40964,2015
TX,TN,3100,33204,2015
TX,TN,3200,91064,2015
TX,TN,4400,76311,2015
TX,TN,5354,34880,2015
TX,TS,8099,106003,2015
TX,TX,1000,55995,2015
TX,TX,2100,15824606,2015
TX,TX,2229,41288615,2015
TX,TX,3100,126795,2015
TX,TX,3200,15809728,2015
TX,TX,4349,1132716,2015
TX,TX,4400,79450,2015
TX,TX,5354,361764,2015
TX,TX,6168,37759,2015
TX,TX,7000,3446,2015
TX,TX,8099,6355,2015
TX,VA,2229,34652,2015
TX,VA,8099,44830,2015
TX,WA,8099,123861,2015
TX,WV,2229,207412,2015
TX,WV,3200,242652,2015
TX,WV,8099,5360,2015
VA,AL,8099,9163,2015
VA,CN,1000,764813,2015
VA,CN,3200,23,2015
VA,CN,4142,37,2015
VA,CN,5155,43,2015
VA,CN,5354,3501,2015
VA,CN,6168,992,2015
VA,CN,7000,726,2015
VA,CN,8099,537,2015
VA,CT,8099,21914,2015
VA,DE,8099,150689,2015
VA,FL,8099,31081,2015
VA,FO,1000,25736290,2015
VA,FO,2229,318624,2015
VA,FO,3100,636476,2015
VA,FO,3200,1222714,2015
VA,FO,4142,3522384,2015
VA,FO,4349,71088,2015
VA,FO,4400,161599,2015
VA,FO,4600,93403,2015
VA,FO,5155,570582,2015
VA,FO,5354,462717,2015
VA,FO,6168,5375942,2015
VA,FO,7000,1862364,2015
VA,FO,8099,533038,2015
VA,GA,8099,32085,2015
VA,LA,8099,33170,2015
VA,MA,8099,488685,2015
VA,MD,8099,948076,2015
VA,ME,8099,19546,2015
VA,NC,4400,94238,2015
VA,NC,8099,63421,2015
VA,NJ,2100,186915,2015
VA,NJ,8099,395504,2015
VA,NY,8099,69799,2015
VA,PA,8099,576806,2015
VA,RI,8099,3905,2015
VA,SC,8099,45061,2015
VA,VA,2229,921072,2015
VA,VA,4349,1084092,2015
VA,VA,5354,6416,2015
VA,VA,6168,458845,2015
VA,VA,8099,279955,2015
VI,FL,8099,37852,2015
VI,FO,2229,171751,2015
VI,FO,3200,3,2015
VI,FO,4142,162,2015
VI,FO,4349,56600,2015
VI,FO,5155,31,2015
VI,FO,5354,37,2015
VI,FO,6168,1169,2015
VI,FO,7000,1209,2015
VI,LA,8099,220,2015
VI,NJ,8099,1,2015
VI,PA,8099,1072,2015
VI,PR,8099,23161,2015
VI,RI,8099,338,2015
VI,SC,8099,4,2015
VI,TX,8099,38537,2015
VI,VI,8099,95499,2015
WA,AK,2229,523220,2015
WA,AK,3200,21054,2015
WA,AK,4142,88172,2015
WA,AK,4349,22553,2015
WA,AK,5155,168325,2015
WA,AK,5354,219478,2015
WA,AK,6168,274746,2015
WA,AK,7000,1397627,2015
WA,AK,8099,315764,2015
WA,CA,2229,2719515,2015
WA,CA,4142,27682,2015
WA,CA,7000,11538,2015
WA,CA,8099,166759,2015
WA,CN,2229,1276297,2015
WA,CN,3200,180316,2015
WA,CN,4142,73,2015
WA,CN,4349,60538,2015
WA,CN,4600,32992,2015
WA,CN,5155,10313,2015
WA,CN,6168,32988,2015
WA,CN,7000,1997,2015
WA,CN,8099,188168,2015
WA,FO,1000,246,2015
WA,FO,2229,3848111,2015
WA,FO,3100,333061,2015
WA,FO,3200,880201,2015
WA,FO,4142,6025903,2015
WA,FO,4349,476271,2015
WA,FO,4400,1138349,2015
WA,FO,4600,241896,2015
WA,FO,5155,646581,2015
WA,FO,5354,242787,2015
WA,FO,6168,35625296,2015
WA,FO,7000,1534451,2015
WA,FO,8099,539881,2015
WA,HI,2229,5372,2015
WA,HI,3200,6951,2015
WA,HI,4142,97841,2015
WA,HI,5155,98594,2015
WA,HI,5354,54206,2015
WA,HI,6168,116484,2015
WA,HI,7000,186658,2015
WA,HI,8099,182401,2015
WA,LA,8099,3265,2015
WA,OR,2229,1534748,2015
WA,OR,4142,109483,2015
WA,OR,4349,1185486,2015
WA,OR,8099,2026606,2015
WA,WA,2229,3239772,2015
WA,WA,4142,1872833,2015
WA,WA,4349,2206279,2015
WA,WA,5155,19042,2015
WA,WA,5354,480,2015
WA,WA,7000,36374,2015
WA,WA,8099,1881247,2015
WI,AL,6168,26573,2015
WI,AL,8099,1590,2015
WI,CN,1000,417641,2015
WI,CN,3200,49203,2015
WI,CN,4400,2757170,2015
WI,CN,6168,87704,2015
WI,FO,6168,1238158,2015
WI,IL,8099,24293,2015
WI,IN,4400,5254899,2015
WI,LA,6168,966679,2015
WI,MI,1000,12222855,2015
WI,MI,8099,110925,2015
WI,MN,8099,1087141,2015
WI,MS,8099,6328,2015
WI,NY,8099,222463,2015
WI,OH,8099,571143,2015
WI,TX,8099,14695,2015
WI,WI,7000,8408,2015
WI,WI,8099,11419,2015
WV,AL,8099,615367,2015
WV,AR,8099,12542,2015
WV,IA,8099,56125,2015
WV,IL,8099,934603,2015
WV,IN,1000,897235,2015
WV,IN,2229,128062,2015
WV,KS,8099,6388,2015
WV,KY,1000,1350644,2015
WV,KY,2229,3152437,2015
WV,KY,4400,35257,2015
WV,KY,8099,97024,2015
WV,LA,2100,1192891,2015
WV,LA,2229,17067,2015
WV,LA,8099,78833,2015
WV,MN,8099,13825,2015
WV,MS,8099,43770,2015
WV,OH,1000,12856163,2015
WV,OH,2229,996162,2015
WV,OK,8099,25159,2015
WV,OT,8099,15893,2015
WV,PA,1000,8120102,2015
WV,PA,2229,519247,2015
WV,PA,4349,1172726,2015
WV,PA,8099,14254,2015
WV,TN,2229,61556,2015
WV,TN,8099,260219,2015
WV,TX,2100,238684,2015
WV,TX,2229,87514,2015
WV,TX,8099,37694,2015
WV,WV,1000,11523186,2015
WV,WV,4349,77507,2015
WV,WV,8099,1600232,2015
